"Year","1","2","3"
2020,12169.2704911083,12188.635778377,13297.8926289108
