"category","Decomposed","Non-decomposed","diff"
"Coal",11073.655604342,11071.4782381253,0.0196664453460411
"Gas CC",11216.4239275505,11252.1899656779,-0.317858463432332
"Gas CT",652.781393787487,546.216653903243,19.5096101744127
"Nuclear",3104.02801665137,3104.32038342298,-0.00941806049308605
"Oil CT",18.2443873545692,25.9077390885458,-29.5793921182595
